TP_FUNDO_CLASSE;CNPJ_FUNDO_CLASSE;DENOM_SOCIAL;DT_COMPTC;TP_APLIC;TP_ATIVO;EMISSOR_LIGADO;TP_NEGOC;QT_VENDA_NEGOC;VL_VENDA_NEGOC;QT_AQUIS_NEGOC;VL_AQUIS_NEGOC;QT_POS_FINAL;VL_MERC_POS_FINAL;VL_CUSTO_POS_FINAL;DT_CONFID_APLIC;CD_SWAP;DS_SWAP
CLASSES - FIF;02.668.201/0001-97;BNP PARIBAS EQD BRAZIL FUND CLASSE DE INVESTIMENTO MULTIMERCADO CRÉDITO PRIVADO;2025-09-30;DIFERENCIAL DE SWAP A PAGAR;SWAP;;;;;;;;202946797.41;;;Outros;999 X 999
CLASSES - FIF;02.668.201/0001-97;BNP PARIBAS EQD BRAZIL FUND CLASSE DE INVESTIMENTO MULTIMERCADO CRÉDITO PRIVADO;2025-09-30;DIFERENCIAL DE SWAP A PAGAR;SWAP;;;;;;;;3473207.72;;;SDP;DI1 X PRE
CLASSES - FIF;02.668.201/0001-97;BNP PARIBAS EQD BRAZIL FUND CLASSE DE INVESTIMENTO MULTIMERCADO CRÉDITO PRIVADO;2025-09-30;DIFERENCIAL DE SWAP A RECEBER;SWAP;;;;;;;;216416487.42;;;Outros;999 X 999
CLASSES - FIF;02.885.730/0001-42;KONA FIF MULTIMERCADO CRÉDITO PRIVADO INVESTIMENTO NO EXTERIOR RESPONSABILIDADE LIMITADA;2025-09-30;DIFERENCIAL DE SWAP A RECEBER;SWAP;;;;;;;;75416113.77;;;SDP;DI1 X PRE
CLASSES - FIF;05.075.861/0001-52;BB TOP EURO FUNDO DE INVESTIMENTO FINANCEIRO CAMBIAL LONGO PRAZO RESPONSABILIDADE LIMITADA;2025-09-30;DIFERENCIAL DE SWAP A PAGAR;SWAP;;;;;;;;2036840.64;;;SDE;DI1 X REU
CLASSES - FIF;05.754.066/0001-90;CLASSE ÚNICA DO ÁGATA FUNDO DE INVESTIMENTO FINANCEIRO MULTIMERCADO CRÉDITO PRIVADO LONGO PRAZO;2025-09-30;DIFERENCIAL DE SWAP A PAGAR;SWAP;;;;;;;;43723746.78;;;SDC;DI1 X DOL
CLASSES - FIF;05.754.066/0001-90;CLASSE ÚNICA DO ÁGATA FUNDO DE INVESTIMENTO FINANCEIRO MULTIMERCADO CRÉDITO PRIVADO LONGO PRAZO;2025-09-30;DIFERENCIAL DE SWAP A PAGAR;SWAP;;;;;;;;30346749.97;;;SDL;DI1 X IAP
CLASSES - FIF;05.754.066/0001-90;CLASSE ÚNICA DO ÁGATA FUNDO DE INVESTIMENTO FINANCEIRO MULTIMERCADO CRÉDITO PRIVADO LONGO PRAZO;2025-09-30;DIFERENCIAL DE SWAP A PAGAR;SWAP;;;;;;;;42675615.58;;;SCE;DOL X REU
CLASSES - FIF;05.754.066/0001-90;CLASSE ÚNICA DO ÁGATA FUNDO DE INVESTIMENTO FINANCEIRO MULTIMERCADO CRÉDITO PRIVADO LONGO PRAZO;2025-09-30;DIFERENCIAL DE SWAP A PAGAR;SWAP;;;;;;;;136815414.05;;;SEP;REU X PRE
CLASSES - FIF;05.754.066/0001-90;CLASSE ÚNICA DO ÁGATA FUNDO DE INVESTIMENTO FINANCEIRO MULTIMERCADO CRÉDITO PRIVADO LONGO PRAZO;2025-09-30;DIFERENCIAL DE SWAP A PAGAR;SWAP;;;;;;;;76760773.04;;;SCP;DOL X PRE
CLASSES - FIF;05.754.066/0001-90;CLASSE ÚNICA DO ÁGATA FUNDO DE INVESTIMENTO FINANCEIRO MULTIMERCADO CRÉDITO PRIVADO LONGO PRAZO;2025-09-30;DIFERENCIAL DE SWAP A PAGAR;SWAP;;;;;;;;332903354.45;;;Outros;999 X 999
CLASSES - FIF;05.754.066/0001-90;CLASSE ÚNICA DO ÁGATA FUNDO DE INVESTIMENTO FINANCEIRO MULTIMERCADO CRÉDITO PRIVADO LONGO PRAZO;2025-09-30;DIFERENCIAL DE SWAP A RECEBER;SWAP;;;;;;;;15175141.20;;;SDE;DI1 X REU
CLASSES - FIF;05.754.066/0001-90;CLASSE ÚNICA DO ÁGATA FUNDO DE INVESTIMENTO FINANCEIRO MULTIMERCADO CRÉDITO PRIVADO LONGO PRAZO;2025-09-30;DIFERENCIAL DE SWAP A RECEBER;SWAP;;;;;;;;426386477.96;;;SDC;DI1 X DOL
CLASSES - FIF;05.754.066/0001-90;CLASSE ÚNICA DO ÁGATA FUNDO DE INVESTIMENTO FINANCEIRO MULTIMERCADO CRÉDITO PRIVADO LONGO PRAZO;2025-09-30;DIFERENCIAL DE SWAP A RECEBER;SWAP;;;;;;;;250142121.83;;;SCP;DOL X PRE
CLASSES - FIF;05.754.066/0001-90;CLASSE ÚNICA DO ÁGATA FUNDO DE INVESTIMENTO FINANCEIRO MULTIMERCADO CRÉDITO PRIVADO LONGO PRAZO;2025-09-30;DIFERENCIAL DE SWAP A RECEBER;SWAP;;;;;;;;444074052.25;;;Outros;999 X 999
CLASSES - FIF;05.754.066/0001-90;CLASSE ÚNICA DO ÁGATA FUNDO DE INVESTIMENTO FINANCEIRO MULTIMERCADO CRÉDITO PRIVADO LONGO PRAZO;2025-09-30;DIFERENCIAL DE SWAP A RECEBER;SWAP;;;;;;;;121487981.54;;;SEP;REU X PRE
CLASSES - FIF;07.110.975/0001-11;CLASSE ÚNICA DO OAK FUNDO DE  INVESTIMENTO FINANCEIRO MULTIMERCADO  CP INVESTIMENTO NO EXTERIOR;2025-09-30;DIFERENCIAL DE SWAP A PAGAR;SWAP;;;;;;;;176552380.48;;;Outros;999 X 999
CLASSES - FIF;07.110.975/0001-11;CLASSE ÚNICA DO OAK FUNDO DE  INVESTIMENTO FINANCEIRO MULTIMERCADO  CP INVESTIMENTO NO EXTERIOR;2025-09-30;DIFERENCIAL DE SWAP A PAGAR;SWAP;;;;;;;;6549530.29;;;SCP;DOL X PRE
CLASSES - FIF;07.110.975/0001-11;CLASSE ÚNICA DO OAK FUNDO DE  INVESTIMENTO FINANCEIRO MULTIMERCADO  CP INVESTIMENTO NO EXTERIOR;2025-09-30;DIFERENCIAL DE SWAP A RECEBER;SWAP;;;;;;;;462712441.15;;;Outros;999 X 999
CLASSES - FIF;07.110.975/0001-11;CLASSE ÚNICA DO OAK FUNDO DE  INVESTIMENTO FINANCEIRO MULTIMERCADO  CP INVESTIMENTO NO EXTERIOR;2025-09-30;DIFERENCIAL DE SWAP A RECEBER;SWAP;;;;;;;;240679.41;;;SDC;DI1 X DOL
CLASSES - FIF;07.110.975/0001-11;CLASSE ÚNICA DO OAK FUNDO DE  INVESTIMENTO FINANCEIRO MULTIMERCADO  CP INVESTIMENTO NO EXTERIOR;2025-09-30;DIFERENCIAL DE SWAP A RECEBER;SWAP;;;;;;;;30978658.86;;;SCP;DOL X PRE
CLASSES - FIF;08.771.962/0001-56;OITI FIF MULTIMERCADO CRÉDITO PRIVADO INVESTIMENTO NO EXTERIOR RESPONSABILIDADE LIMITADA;2025-09-30;DIFERENCIAL DE SWAP A PAGAR;SWAP;;;;;;;;178849779.18;;;SCP;DOL X PRE
CLASSES - FIF;08.771.962/0001-56;OITI FIF MULTIMERCADO CRÉDITO PRIVADO INVESTIMENTO NO EXTERIOR RESPONSABILIDADE LIMITADA;2025-09-30;DIFERENCIAL DE SWAP A RECEBER;SWAP;;;;;;;;250695207.57;;;SCE;DOL X REU
CLASSES - FIF;08.771.962/0001-56;OITI FIF MULTIMERCADO CRÉDITO PRIVADO INVESTIMENTO NO EXTERIOR RESPONSABILIDADE LIMITADA;2025-09-30;DIFERENCIAL DE SWAP A RECEBER;SWAP;;;;;;;;10422.44;;;SDC;DI1 X DOL
CLASSES - FIF;08.771.975/0001-25;BNP PARIBAS PROPRIETÁRIO CLASSE DE INVESTIMENTO MULTIMERCADO CRÉDITO PRIVADO;2025-09-30;DIFERENCIAL DE SWAP A PAGAR;SWAP;;;;;;;;463699030.45;;;SEP;REU X PRE
CLASSES - FIF;08.771.975/0001-25;BNP PARIBAS PROPRIETÁRIO CLASSE DE INVESTIMENTO MULTIMERCADO CRÉDITO PRIVADO;2025-09-30;DIFERENCIAL DE SWAP A PAGAR;SWAP;;;;;;;;50026148.37;;;SDE;DI1 X REU
CLASSES - FIF;08.771.975/0001-25;BNP PARIBAS PROPRIETÁRIO CLASSE DE INVESTIMENTO MULTIMERCADO CRÉDITO PRIVADO;2025-09-30;DIFERENCIAL DE SWAP A PAGAR;SWAP;;;;;;;;102321427.18;;;SDP;DI1 X PRE
CLASSES - FIF;08.771.975/0001-25;BNP PARIBAS PROPRIETÁRIO CLASSE DE INVESTIMENTO MULTIMERCADO CRÉDITO PRIVADO;2025-09-30;DIFERENCIAL DE SWAP A PAGAR;SWAP;;;;;;;;1184634796.79;;;SCP;DOL X PRE
CLASSES - FIF;08.771.975/0001-25;BNP PARIBAS PROPRIETÁRIO CLASSE DE INVESTIMENTO MULTIMERCADO CRÉDITO PRIVADO;2025-09-30;DIFERENCIAL DE SWAP A PAGAR;SWAP;;;;;;;;1177593.74;;;SCE;DOL X REU
CLASSES - FIF;08.771.975/0001-25;BNP PARIBAS PROPRIETÁRIO CLASSE DE INVESTIMENTO MULTIMERCADO CRÉDITO PRIVADO;2025-09-30;DIFERENCIAL DE SWAP A PAGAR;SWAP;;;;;;;;187486359.94;;;SDC;DI1 X DOL
CLASSES - FIF;08.771.975/0001-25;BNP PARIBAS PROPRIETÁRIO CLASSE DE INVESTIMENTO MULTIMERCADO CRÉDITO PRIVADO;2025-09-30;DIFERENCIAL DE SWAP A PAGAR;SWAP;;;;;;;;531537169.52;;;Outros;999 X 999
CLASSES - FIF;08.771.975/0001-25;BNP PARIBAS PROPRIETÁRIO CLASSE DE INVESTIMENTO MULTIMERCADO CRÉDITO PRIVADO;2025-09-30;DIFERENCIAL DE SWAP A RECEBER;SWAP;;;;;;;;829618206.82;;;SEP;REU X PRE
CLASSES - FIF;08.771.975/0001-25;BNP PARIBAS PROPRIETÁRIO CLASSE DE INVESTIMENTO MULTIMERCADO CRÉDITO PRIVADO;2025-09-30;DIFERENCIAL DE SWAP A RECEBER;SWAP;;;;;;;;12333432.39;;;SLE;IAP X REU
CLASSES - FIF;08.771.975/0001-25;BNP PARIBAS PROPRIETÁRIO CLASSE DE INVESTIMENTO MULTIMERCADO CRÉDITO PRIVADO;2025-09-30;DIFERENCIAL DE SWAP A RECEBER;SWAP;;;;;;;;35204976.35;;;SDP;DI1 X PRE
CLASSES - FIF;08.771.975/0001-25;BNP PARIBAS PROPRIETÁRIO CLASSE DE INVESTIMENTO MULTIMERCADO CRÉDITO PRIVADO;2025-09-30;DIFERENCIAL DE SWAP A RECEBER;SWAP;;;;;;;;238111081.47;;;SDE;DI1 X REU
CLASSES - FIF;08.771.975/0001-25;BNP PARIBAS PROPRIETÁRIO CLASSE DE INVESTIMENTO MULTIMERCADO CRÉDITO PRIVADO;2025-09-30;DIFERENCIAL DE SWAP A RECEBER;SWAP;;;;;;;;1114353994.96;;;SCP;DOL X PRE
CLASSES - FIF;08.771.975/0001-25;BNP PARIBAS PROPRIETÁRIO CLASSE DE INVESTIMENTO MULTIMERCADO CRÉDITO PRIVADO;2025-09-30;DIFERENCIAL DE SWAP A RECEBER;SWAP;;;;;;;;3331184.14;;;SCE;DOL X REU
CLASSES - FIF;08.771.975/0001-25;BNP PARIBAS PROPRIETÁRIO CLASSE DE INVESTIMENTO MULTIMERCADO CRÉDITO PRIVADO;2025-09-30;DIFERENCIAL DE SWAP A RECEBER;SWAP;;;;;;;;1251768008.32;;;SDC;DI1 X DOL
CLASSES - FIF;08.771.975/0001-25;BNP PARIBAS PROPRIETÁRIO CLASSE DE INVESTIMENTO MULTIMERCADO CRÉDITO PRIVADO;2025-09-30;DIFERENCIAL DE SWAP A RECEBER;SWAP;;;;;;;;991892727.42;;;Outros;999 X 999
CLASSES - FIF;09.228.836/0001-12;HORIZON CLASSE DE INVESTIMENTO MULTIMERCADO CRÉDITO PRIVADO INVESTIMENTO NO EXTERIOR;2025-09-30;DIFERENCIAL DE SWAP A RECEBER;SWAP;;;;;;;;190634.89;;;SCP;DOL X PRE
CLASSES - FIF;09.523.207/0001-15;BRADESCO TEJO FI FINANCEIRO - CI MULT - RESP LIMITADA;2025-09-30;DIFERENCIAL DE SWAP A RECEBER;SWAP;;;;;;;;252989.85;;;SDL;DI1 X IAP
CLASSES - FIF;09.577.034/0001-18;CAIEIRAS FIF MULTIMERCADO INVESTIMENTO NO EXTERIOR CRÉDITO PRIVADO RESPONSABILIDADE LIMITADA;2025-09-30;DIFERENCIAL DE SWAP A PAGAR;SWAP;;;;;;;;32444389.23;;;SDP;DI1 X PRE
CLASSES - FIF;09.577.034/0001-18;CAIEIRAS FIF MULTIMERCADO INVESTIMENTO NO EXTERIOR CRÉDITO PRIVADO RESPONSABILIDADE LIMITADA;2025-09-30;DIFERENCIAL DE SWAP A RECEBER;SWAP;;;;;;;;2016551.33;;;SDP;DI1 X PRE
CLASSES - FIF;09.720.523/0001-87;BB PREV MULTI II FIF MULTIMERCADO CRÉDITO PRIVADO RESPONSABILIDADE LIMITADA;2025-09-30;DIFERENCIAL DE SWAP A PAGAR;SWAP;;;;;;;;91419985.00;;;SDM;DI1 X IGM
CLASSES - FIF;09.720.523/0001-87;BB PREV MULTI II FIF MULTIMERCADO CRÉDITO PRIVADO RESPONSABILIDADE LIMITADA;2025-09-30;DIFERENCIAL DE SWAP A RECEBER;SWAP;;;;;;;;50245920.00;;;SFD;IPC X DI1
CLASSES - FIF;11.769.285/0001-46;SPHERE CLASSE DE INVESTIMENTO MULTIMERCADO CRÉDITO PRIVADO INVESTIMENTO NO EXTERIOR;2025-09-30;DIFERENCIAL DE SWAP A PAGAR;SWAP;;;;;;;;98279811.37;;;Outros;999 X 999
CLASSES - FIF;11.769.285/0001-46;SPHERE CLASSE DE INVESTIMENTO MULTIMERCADO CRÉDITO PRIVADO INVESTIMENTO NO EXTERIOR;2025-09-30;DIFERENCIAL DE SWAP A PAGAR;SWAP;;;;;;;;203738298.52;;;SDC;DI1 X DOL
CLASSES - FIF;11.769.285/0001-46;SPHERE CLASSE DE INVESTIMENTO MULTIMERCADO CRÉDITO PRIVADO INVESTIMENTO NO EXTERIOR;2025-09-30;DIFERENCIAL DE SWAP A PAGAR;SWAP;;;;;;;;1744310339.89;;;SDP;DI1 X PRE
CLASSES - FIF;11.769.285/0001-46;SPHERE CLASSE DE INVESTIMENTO MULTIMERCADO CRÉDITO PRIVADO INVESTIMENTO NO EXTERIOR;2025-09-30;DIFERENCIAL DE SWAP A PAGAR;SWAP;;;;;;;;1163419397.50;;;SDL;DI1 X IAP
CLASSES - FIF;11.769.285/0001-46;SPHERE CLASSE DE INVESTIMENTO MULTIMERCADO CRÉDITO PRIVADO INVESTIMENTO NO EXTERIOR;2025-09-30;DIFERENCIAL DE SWAP A PAGAR;SWAP;;;;;;;;605618952.59;;;SCP;DOL X PRE
CLASSES - FIF;11.769.285/0001-46;SPHERE CLASSE DE INVESTIMENTO MULTIMERCADO CRÉDITO PRIVADO INVESTIMENTO NO EXTERIOR;2025-09-30;DIFERENCIAL DE SWAP A RECEBER;SWAP;;;;;;;;870507064.14;;;Outros;999 X 999
CLASSES - FIF;11.769.285/0001-46;SPHERE CLASSE DE INVESTIMENTO MULTIMERCADO CRÉDITO PRIVADO INVESTIMENTO NO EXTERIOR;2025-09-30;DIFERENCIAL DE SWAP A RECEBER;SWAP;;;;;;;;769108543.21;;;SDC;DI1 X DOL
CLASSES - FIF;11.769.285/0001-46;SPHERE CLASSE DE INVESTIMENTO MULTIMERCADO CRÉDITO PRIVADO INVESTIMENTO NO EXTERIOR;2025-09-30;DIFERENCIAL DE SWAP A RECEBER;SWAP;;;;;;;;987920843.13;;;SDP;DI1 X PRE
CLASSES - FIF;11.769.285/0001-46;SPHERE CLASSE DE INVESTIMENTO MULTIMERCADO CRÉDITO PRIVADO INVESTIMENTO NO EXTERIOR;2025-09-30;DIFERENCIAL DE SWAP A RECEBER;SWAP;;;;;;;;1463586099.01;;;SDL;DI1 X IAP
CLASSES - FIF;11.769.285/0001-46;SPHERE CLASSE DE INVESTIMENTO MULTIMERCADO CRÉDITO PRIVADO INVESTIMENTO NO EXTERIOR;2025-09-30;DIFERENCIAL DE SWAP A RECEBER;SWAP;;;;;;;;347825306.95;;;SCP;DOL X PRE
CLASSES - FIF;11.769.285/0001-46;SPHERE CLASSE DE INVESTIMENTO MULTIMERCADO CRÉDITO PRIVADO INVESTIMENTO NO EXTERIOR;2025-09-30;DIFERENCIAL DE SWAP A RECEBER;SWAP;;;;;;;;8450956.96;;;SDE;DI1 X REU
CLASSES - FIF;11.886.391/0001-00;CLASSE A DE INVESTIMENTO MULTIMERCADO CRÉDITO PRIVADO;2025-09-30;DIFERENCIAL DE SWAP A RECEBER;SWAP;;;;;;;;617644.97;;;SDP;DI1 X PRE
CLASSES - FIF;14.239.657/0001-10;CAIXA MASTER CAPITAL PROTEGIDO IBOVESPA CICLICO I FIF MULTIMERCADO - RESPONSABILIDADE LIMITADA;2025-09-30;DIFERENCIAL DE SWAP A PAGAR;SWAP;;;;;;;;394116.39;;;SDP;DI1 X PRE
CLASSES - FIF;15.037.582/0001-58;BB PREV PÚBLICO RF FUNDO DE INVESTIMENTO FINANCEIRO RENDA FIXA RESPONSABILIDADE LIMITADA;2025-09-30;DIFERENCIAL DE SWAP A PAGAR;SWAP;;;;;;;;138124973.00;;;SDM;DI1 X IGM
CLASSES - FIF;15.037.582/0001-58;BB PREV PÚBLICO RF FUNDO DE INVESTIMENTO FINANCEIRO RENDA FIXA RESPONSABILIDADE LIMITADA;2025-09-30;DIFERENCIAL DE SWAP A RECEBER;SWAP;;;;;;;;73851092.00;;;SFD;IPC X DI1
CLASSES - FIF;15.740.377/0001-54;SANTANDER DIAMANTINA MULTIMERCADO CRÉDITO PRIVADO - FIF;2025-09-30;DIFERENCIAL DE SWAP A PAGAR;SWAP;;;;;;;;3837457278.07;;;SDP;DI1 X PRE
CLASSES - FIF;15.740.377/0001-54;SANTANDER DIAMANTINA MULTIMERCADO CRÉDITO PRIVADO - FIF;2025-09-30;DIFERENCIAL DE SWAP A RECEBER;SWAP;;;;;;;;82057512.87;;;SDP;DI1 X PRE
CLASSES - FIF;16.916.060/0001-99;CAIXA INDEXA OURO FUNDO DE INVESTIMENTO FINANCEIRO MULTIMERCADO LONGO PRAZO - RESP LIMITADA;2025-09-30;DIFERENCIAL DE SWAP A PAGAR;SWAP;;;;;;;;560686.82;;;Outros;999 X 999
CLASSES - FIF;16.916.060/0001-99;CAIXA INDEXA OURO FUNDO DE INVESTIMENTO FINANCEIRO MULTIMERCADO LONGO PRAZO - RESP LIMITADA;2025-09-30;DIFERENCIAL DE SWAP A RECEBER;SWAP;;;;;;;;46756935.00;;;Outros;999 X 999
CLASSES - FIF;29.045.966/0001-27;JIANG FIF - CI MULTIMERCADO CRÉDITO PRIVADO - RESP LIMITADA;2025-09-30;DIFERENCIAL DE SWAP A PAGAR;SWAP;;;;;;;;80152774.06;;;Outros;999 X 999
CLASSES - FIF;29.045.966/0001-27;JIANG FIF - CI MULTIMERCADO CRÉDITO PRIVADO - RESP LIMITADA;2025-09-30;DIFERENCIAL DE SWAP A PAGAR;SWAP;;;;;;;;15490245.79;;;SDP;DI1 X PRE
CLASSES - FIF;29.045.966/0001-27;JIANG FIF - CI MULTIMERCADO CRÉDITO PRIVADO - RESP LIMITADA;2025-09-30;DIFERENCIAL DE SWAP A PAGAR;SWAP;;;;;;;;1874825.04;;;SCE;DOL X REU
CLASSES - FIF;29.045.966/0001-27;JIANG FIF - CI MULTIMERCADO CRÉDITO PRIVADO - RESP LIMITADA;2025-09-30;DIFERENCIAL DE SWAP A RECEBER;SWAP;;;;;;;;26198227.33;;;Outros;999 X 999
CLASSES - FIF;29.045.966/0001-27;JIANG FIF - CI MULTIMERCADO CRÉDITO PRIVADO - RESP LIMITADA;2025-09-30;DIFERENCIAL DE SWAP A RECEBER;SWAP;;;;;;;;12477443.22;;;SDP;DI1 X PRE
CLASSES - FIF;30.102.276/0001-41;SANTANDER HERMES RENDA FIXA FUNDO INCENTIVADO DE INVESTIMENTO EM INFRAESTRUTURA - FIF;2025-09-30;DIFERENCIAL DE SWAP A PAGAR;SWAP;;;;;;;;141678781.86;;;SDL;DI1 X IAP
CLASSES - FIF;30.102.276/0001-41;SANTANDER HERMES RENDA FIXA FUNDO INCENTIVADO DE INVESTIMENTO EM INFRAESTRUTURA - FIF;2025-09-30;DIFERENCIAL DE SWAP A RECEBER;SWAP;;;;;;;;130444113.09;;;SDL;DI1 X IAP
CLASSES - FIF;32.708.144/0001-93;SANTANDER PB ORITA MULT - FIF RESP LIMITADA;2025-09-30;DIFERENCIAL DE SWAP A PAGAR;SWAP;;;;;;;;591289.98;;;SDP;DI1 X PRE
CLASSES - FIF;33.701.422/0001-43;MIZUHO BRAZIL FUNDO DE  INVESTIMENTO MULTIMERCADO CRÉDITO  PRIVADO - INVESTIMENTO NO EXTERIOR;2025-09-30;DIFERENCIAL DE SWAP A PAGAR;SWAP;;;;;;;;111444412.93;;;Outros;999 X 999
CLASSES - FIF;33.701.422/0001-43;MIZUHO BRAZIL FUNDO DE  INVESTIMENTO MULTIMERCADO CRÉDITO  PRIVADO - INVESTIMENTO NO EXTERIOR;2025-09-30;DIFERENCIAL DE SWAP A PAGAR;SWAP;;;;;;;;193655.37;;;SDP;DI1 X PRE
CLASSES - FIF;33.701.422/0001-43;MIZUHO BRAZIL FUNDO DE  INVESTIMENTO MULTIMERCADO CRÉDITO  PRIVADO - INVESTIMENTO NO EXTERIOR;2025-09-30;DIFERENCIAL DE SWAP A PAGAR;SWAP;;;;;;;;60819755.69;;;SDC;DI1 X DOL
CLASSES - FIF;33.701.422/0001-43;MIZUHO BRAZIL FUNDO DE  INVESTIMENTO MULTIMERCADO CRÉDITO  PRIVADO - INVESTIMENTO NO EXTERIOR;2025-09-30;DIFERENCIAL DE SWAP A PAGAR;SWAP;;;;;;;;14500928.05;;;SDY;DI1 X JPY
CLASSES - FIF;33.701.422/0001-43;MIZUHO BRAZIL FUNDO DE  INVESTIMENTO MULTIMERCADO CRÉDITO  PRIVADO - INVESTIMENTO NO EXTERIOR;2025-09-30;DIFERENCIAL DE SWAP A RECEBER;SWAP;;;;;;;;111444412.93;;;Outros;999 X 999
CLASSES - FIF;33.701.422/0001-43;MIZUHO BRAZIL FUNDO DE  INVESTIMENTO MULTIMERCADO CRÉDITO  PRIVADO - INVESTIMENTO NO EXTERIOR;2025-09-30;DIFERENCIAL DE SWAP A RECEBER;SWAP;;;;;;;;193655.37;;;SDP;DI1 X PRE
CLASSES - FIF;33.701.422/0001-43;MIZUHO BRAZIL FUNDO DE  INVESTIMENTO MULTIMERCADO CRÉDITO  PRIVADO - INVESTIMENTO NO EXTERIOR;2025-09-30;DIFERENCIAL DE SWAP A RECEBER;SWAP;;;;;;;;14500928.05;;;SDY;DI1 X JPY
CLASSES - FIF;33.701.422/0001-43;MIZUHO BRAZIL FUNDO DE  INVESTIMENTO MULTIMERCADO CRÉDITO  PRIVADO - INVESTIMENTO NO EXTERIOR;2025-09-30;DIFERENCIAL DE SWAP A RECEBER;SWAP;;;;;;;;60819755.69;;;SDC;DI1 X DOL
CLASSES - FIF;33.913.576/0001-07;DB II CLASSE DE INVESTIMENTO MULTIMERCADO INVESTIMENTO NO EXTERIOR CRÉDITO PRIVADO;2025-09-30;DIFERENCIAL DE SWAP A PAGAR;SWAP;;;;;;;;1182472262.05;;;SDC;DI1 X DOL
CLASSES - FIF;33.913.576/0001-07;DB II CLASSE DE INVESTIMENTO MULTIMERCADO INVESTIMENTO NO EXTERIOR CRÉDITO PRIVADO;2025-09-30;DIFERENCIAL DE SWAP A PAGAR;SWAP;;;;;;;;317209425.42;;;SCP;DOL X PRE
CLASSES - FIF;33.913.576/0001-07;DB II CLASSE DE INVESTIMENTO MULTIMERCADO INVESTIMENTO NO EXTERIOR CRÉDITO PRIVADO;2025-09-30;DIFERENCIAL DE SWAP A PAGAR;SWAP;;;;;;;;2832889.02;;;SDP;DI1 X PRE
CLASSES - FIF;33.913.576/0001-07;DB II CLASSE DE INVESTIMENTO MULTIMERCADO INVESTIMENTO NO EXTERIOR CRÉDITO PRIVADO;2025-09-30;DIFERENCIAL DE SWAP A PAGAR;SWAP;;;;;;;;72169108.80;;;Outros;999 X 999
CLASSES - FIF;33.913.576/0001-07;DB II CLASSE DE INVESTIMENTO MULTIMERCADO INVESTIMENTO NO EXTERIOR CRÉDITO PRIVADO;2025-09-30;DIFERENCIAL DE SWAP A RECEBER;SWAP;;;;;;;;163731025.46;;;Outros;999 X 999
CLASSES - FIF;33.913.576/0001-07;DB II CLASSE DE INVESTIMENTO MULTIMERCADO INVESTIMENTO NO EXTERIOR CRÉDITO PRIVADO;2025-09-30;DIFERENCIAL DE SWAP A RECEBER;SWAP;;;;;;;;1028837797.19;;;SDC;DI1 X DOL
CLASSES - FIF;33.913.576/0001-07;DB II CLASSE DE INVESTIMENTO MULTIMERCADO INVESTIMENTO NO EXTERIOR CRÉDITO PRIVADO;2025-09-30;DIFERENCIAL DE SWAP A RECEBER;SWAP;;;;;;;;311317864.88;;;SCP;DOL X PRE
CLASSES - FIF;33.913.576/0001-07;DB II CLASSE DE INVESTIMENTO MULTIMERCADO INVESTIMENTO NO EXTERIOR CRÉDITO PRIVADO;2025-09-30;DIFERENCIAL DE SWAP A RECEBER;SWAP;;;;;;;;3041845.07;;;SDP;DI1 X PRE
CLASSES - FIF;35.690.218/0001-08;BB MULTIMERCADO OURO FUNDO DE INVESTIMENTO FINANCEIRO RESPONSABILIDADE LIMITADA;2025-09-30;DIFERENCIAL DE SWAP A RECEBER;SWAP;;;;;;;;158375142.95;;;SCO;DOL X OZ1
CLASSES - FIF;35.803.219/0001-03;G5 MONACO CLASSE DE INVESTIMENTO MULTIMERCADO CRÉDITO PRIVADO;2025-09-30;DIFERENCIAL DE SWAP A PAGAR;SWAP;;;;;;;;1439570.53;;;SDP;DI1 X PRE
CLASSES - FIF;35.813.066/0001-85;B3R FUNDO DE INVESTIMENTO FINANCEIRO EM AÇÕES RESPONSABILIDADE ILIMITADA;2025-09-30;DIFERENCIAL DE SWAP A PAGAR;SWAP;;;;;;;;4989.26;;;SDP;DI1 X PRE
CLASSES - FIF;35.813.066/0001-85;B3R FUNDO DE INVESTIMENTO FINANCEIRO EM AÇÕES RESPONSABILIDADE ILIMITADA;2025-09-30;DIFERENCIAL DE SWAP A RECEBER;SWAP;;;;;;;;8488.15;;;SDP;DI1 X PRE
CLASSES - FIF;35.819.455/0001-18;MACADÂMIA FUNDO DE INVESTIMENTO MULTIMERCADO CRÉDITO PRIVADO;2025-09-30;DIFERENCIAL DE SWAP A RECEBER;SWAP;;;;;;;;83149680.31;;;SCP;DOL X PRE
CLASSES - FIF;36.771.708/0001-93;STIMA ENERGIA FUNDO DE INVESTIMENTO FINANCEIRO;2025-09-30;DIFERENCIAL DE SWAP A PAGAR;SWAP;;;;;;;;974995.29;;;SCP;DOL X PRE
CLASSES - FIF;36.771.708/0001-93;STIMA ENERGIA FUNDO DE INVESTIMENTO FINANCEIRO;2025-09-30;DIFERENCIAL DE SWAP A RECEBER;SWAP;;;;;;;;820723.88;;;SCP;DOL X PRE
CLASSES - FIF;37.235.820/0001-72;BRAM OURO USD FI FINANCEIRO - CI MULT - RESP LIMITADA;2025-09-30;DIFERENCIAL DE SWAP A RECEBER;SWAP;;;;;;;;1960227.31;;;Outros;999 X 999
CLASSES - FIF;37.235.861/0001-69;BRAM OURO FI FINANCEIRO - CI MULT - RESP LIMITADA;2025-09-30;DIFERENCIAL DE SWAP A RECEBER;SWAP;;;;;;;;595600.00;;;Outros;999 X 999
CLASSES - FIF;39.774.017/0001-31;CAIXA MASTER CAPITAL PROTEGIDO BOLSA DE VALORES IV FIF MULTIMERCADO - RESPONSABILIDADE LIMITADA;2025-09-30;DIFERENCIAL DE SWAP A PAGAR;SWAP;;;;;;;;5597600.38;;;SDP;DI1 X PRE
CLASSES - FIF;40.021.855/0001-13;BB TOP MULTIMERCADO CARBONO LONGO PRAZO FIF RESPONSABILIDADE LIMITADA;2025-09-30;DIFERENCIAL DE SWAP A RECEBER;SWAP;;;;;;;;463952.72;;;SSE;SEL X REU
CLASSES - FIF;41.733.441/0001-80;CAIXA MASTER CAPITAL PROTEGIDO CESTA AGRO FUNDO DE INVESTIMENTO FINANCEIRO MULT LP - RESP LIMITADA;2025-09-30;DIFERENCIAL DE SWAP A PAGAR;SWAP;;;;;;;;1181235.98;;;SDP;DI1 X PRE
CLASSES - FIF;41.736.872/0001-08;SPS III FEEDER C FUNDO DE INVESTIMENTO FINANCEIRO;2025-09-30;DIFERENCIAL DE SWAP A RECEBER;SWAP;;;;;;;;162293.43;;;SCP;DOL X PRE
CLASSES - FIF;41.907.150/0001-60;CITRINO FUNDO DE INVESTIMENTO MULTIMERCADO INVESTIMENTO NO EXTERIOR;2025-09-30;DIFERENCIAL DE SWAP A PAGAR;SWAP;;;;;;;;0.00;;;SDP;DI1 X PRE
CLASSES - FIF;42.120.343/0001-30;CAIXA MASTER CAPITAL PROTEGIDO CICLICO II FIF MULTIMERCADO LONGO PRAZO - RESP LIMITADA;2025-09-30;DIFERENCIAL DE SWAP A PAGAR;SWAP;;;;;;;;5847509.26;;;SDP;DI1 X PRE
CLASSES - FIF;42.404.779/0001-50;SPS III FEEDER B FUNDO  DE INVESTIMENTO FINANCEIRO;2025-09-30;DIFERENCIAL DE SWAP A RECEBER;SWAP;;;;;;;;232917.98;;;SCP;DOL X PRE
CLASSES - FIF;42.405.550/0001-30;SPS III FEEDER A FUNDO DE INVESTIMENTO FINANCEIRO;2025-09-30;DIFERENCIAL DE SWAP A RECEBER;SWAP;;;;;;;;208733.94;;;SCP;DOL X PRE
CLASSES - FIF;42.888.543/0001-37;CARBYNE ABSOLUTE RETURN FEEDER FUNDO DE INVESTIMENTO MULTIMERCADO CRÉDITO PRIVADO - RESP LIMITADA;2025-09-30;DIFERENCIAL DE SWAP A RECEBER;SWAP;;;;;;;;535697.88;;;SCP;DOL X PRE
CLASSES - FIF;43.790.956/0001-47;CORETUBA ICATU PREVIDÊNCIA QUALIFICADO FI FINANCEIRO - CI MULT CRED PRIV - RESP LIMITADA;2025-09-30;DIFERENCIAL DE SWAP A PAGAR;SWAP;;;;;;;;5070.00;;;SDP;DI1 X PRE
CLASSES - FIF;43.960.245/0001-73;AMW ISIS MASTER FUNDO DE INVESTIMENTO FINANCEIRO;2025-09-30;DIFERENCIAL DE SWAP A PAGAR;SWAP;;;;;;;;1796.94;;;SDP;DI1 X PRE
CLASSES - FIF;43.960.245/0001-73;AMW ISIS MASTER FUNDO DE INVESTIMENTO FINANCEIRO;2025-09-30;DIFERENCIAL DE SWAP A RECEBER;SWAP;;;;;;;;6192.15;;;SDP;DI1 X PRE
CLASSES - FIF;43.980.182/0001-17;ATLANTIS WP FUNDO DE INVESTIMENTO MULTIMERCADO CRÉDITO PRIVADO INVESTIMENTO NO EXTERIOR;2025-09-30;DIFERENCIAL DE SWAP A PAGAR;SWAP;;;;;;;;11331.36;;;Outros;999 X 999
CLASSES - FIF;43.980.182/0001-17;ATLANTIS WP FUNDO DE INVESTIMENTO MULTIMERCADO CRÉDITO PRIVADO INVESTIMENTO NO EXTERIOR;2025-09-30;DIFERENCIAL DE SWAP A RECEBER;SWAP;;;;;;;;8053.91;;;Outros;999 X 999
CLASSES - FIF;44.109.989/0001-41;ACUERE QUALIFICADO ICATU FI FINANCEIRO - CI MULT CRED PRIV - RESP LIMITADA;2025-09-30;DIFERENCIAL DE SWAP A PAGAR;SWAP;;;;;;;;8691.43;;;SDP;DI1 X PRE
CLASSES - FIF;44.162.969/0001-34;TERRABLU ICATU QUALIFICADO FI FINANCEIRO - CI MULT CRED PRIV - RESP LIMITADA;2025-09-30;DIFERENCIAL DE SWAP A PAGAR;SWAP;;;;;;;;3138.57;;;SDP;DI1 X PRE
CLASSES - FIF;44.283.966/0001-59;WARREN FO TÁTICO RF1 FUNDO DE INVESTIMENTO MULTIMERCADO CRÉDITO PRIVADO;2025-09-30;DIFERENCIAL DE SWAP A PAGAR;SWAP;;;;;;;;874.58;;;SDP;DI1 X PRE
CLASSES - FIF;44.283.966/0001-59;WARREN FO TÁTICO RF1 FUNDO DE INVESTIMENTO MULTIMERCADO CRÉDITO PRIVADO;2025-09-30;DIFERENCIAL DE SWAP A RECEBER;SWAP;;;;;;;;2430166.39;;;SDP;DI1 X PRE
CLASSES - FIF;44.704.779/0001-00;BRAM GLOBAL FI FINANCEIRO - CI MULT - RESP LIMITADA;2025-09-30;DIFERENCIAL DE SWAP A RECEBER;SWAP;;;;;;;;35772.63;;;Outros;999 X 999
CLASSES - FIF;48.970.281/0001-31;SUGOI FUNDO DE INVESTIMENTO MULTIMERCADO CRÉDITO PRIVADO INVESTIMENTO NO EXTERIOR;2025-09-30;DIFERENCIAL DE SWAP A PAGAR;SWAP;;;;;;;;1414176.42;;;Outros;999 X 999
CLASSES - FIF;52.259.535/0001-85;GROELÂNDIA FUNDO DE INVESTIMENTO EM INFRAESTRUTURA RENDA FIXA CRÉDITO PRIVADO;2025-09-30;DIFERENCIAL DE SWAP A RECEBER;SWAP;;;;;;;;1608058.90;;;SDP;DI1 X PRE
CLASSES - FIF;53.202.910/0001-13;BEAGLE PRO FI EM COTAS DE FI FINANCEIRO MULTIMERCADO CRÉDITO PRIVADO - RESPONSABILIDADE LIMITADA;2025-09-30;DIFERENCIAL DE SWAP A RECEBER;SWAP;;;;;;;;1164405.73;;;SEP;REU X PRE
CLASSES - FIF;53.203.481/0001-07;MEROS PRO FI EM COTAS DE FI FINANCEIRO MULTIMERCADO CRÉDITO PRIVADO - RESPONSABILIDADE LIMITADA;2025-09-30;DIFERENCIAL DE SWAP A RECEBER;SWAP;;;;;;;;1164405.73;;;SEP;REU X PRE
CLASSES - FIF;54.274.648/0001-85;BNP PARIBAS CAPITAL PROTEGIDO MASTER OPORT LOCAL CLASSE DE INVEST MULT RESPONSABILIDADE LIMITADA;2025-09-30;DIFERENCIAL DE SWAP A PAGAR;SWAP;;;;;;;;1441500.33;;;SDP;DI1 X PRE
CLASSES - FIF;56.283.391/0001-53;SANTANDER PB ROMA III MULTIMERCADO CRÉDITO PRIVADO - FUNDO DE INVESTIMENTO FINANCEIRO;2025-09-30;DIFERENCIAL DE SWAP A RECEBER;SWAP;;;;;;;;539747.38;;;SDP;DI1 X PRE
CLASSES - FIF;57.748.037/0001-10;ITAÚ SOLUTIONS VEGA MASTER FUNDO DE INVESTIMENTO FINANCEIRO MULTIMERCADO RESPONSABILIDADE LIMITADA;2025-09-30;DIFERENCIAL DE SWAP A PAGAR;SWAP;;;;;;;;16924.38;;;SDP;DI1 X PRE
CLASSES - FIF;57.748.037/0001-10;ITAÚ SOLUTIONS VEGA MASTER FUNDO DE INVESTIMENTO FINANCEIRO MULTIMERCADO RESPONSABILIDADE LIMITADA;2025-09-30;DIFERENCIAL DE SWAP A RECEBER;SWAP;;;;;;;;2624.81;;;SDP;DI1 X PRE
CLASSES - FIF;59.559.015/0001-37;ZRO ARB CLASSE DE INVESTIMENTO MULTIMERCADO CRÉDITO PRIVADO RESPONSABILIDADE LIMITADA;2025-09-30;DIFERENCIAL DE SWAP A RECEBER;SWAP;;;;;;;;768583.26;;;SCP;DOL X PRE
CLASSES - FIF;60.100.937/0001-60;NU ESTRATÉGIA PROTEGIDA FIF MULTIMERCADO LONGO PRAZO RESPONSABILIDADE LIMITADA;2025-09-30;DIFERENCIAL DE SWAP A PAGAR;SWAP;;;;;;;;23657.02;;;SDP;DI1 X PRE
CLASSES - FIF;60.742.785/0001-08;PRODHOS FIF - CLASSE DE INVESTIMENTO RENDA FIXA INCENTIVADO DE INVESTIMENTO EM INFRAESTRUTURA;2025-09-30;DIFERENCIAL DE SWAP A RECEBER;SWAP;;;;;;;;255637.65;;;SDL;DI1 X IAP
CLASSES - FIF;60.773.619/0001-60;XP CLUB DEAL FUNDO DE INVESTIMENTO FINANCEIRO MULTIMERCADO CRÉDITO PRIVADO;2025-09-30;DIFERENCIAL DE SWAP A RECEBER;SWAP;;;;;;;;1649525.17;;;SCP;DOL X PRE
CLASSES - FIF;71.586.432/0001-74;BRAM H MULTI FI FINANCEIRO - CI MULT CRED PRIV - RESP LIMITADA;2025-09-30;DIFERENCIAL DE SWAP A RECEBER;SWAP;;;;;;;;2276908.69;;;SDL;DI1 X IAP
FI;02.727.085/0001-30;MÁXIMA  FMP - FGTS  PETROBRAS;2025-09-30;DIFERENCIAL DE SWAP A PAGAR;SWAP;;;;;;;;0.00;;;SDP;DI1 X PRE
